"","No_Sequences","No_Unique_Sites","No_Unique_Sites_Seqs","Mean_Bio1","Mean_Bio2","Mean_Bio3","Mean_Bio4","Mean_Bio5","Mean_Bio6","Mean_Bio7","Mean_Bio8","Mean_Bio9","Mean_Bio10","Mean_Bio11","Mean_Bio12","Mean_Bio13","Mean_Bio14","Mean_Bio15","Mean_Bio16","Mean_Bio17","Mean_Bio18","Mean_Bio19","SD_Bio1","SD_Bio2","SD_Bio3","SD_Bio4","SD_Bio5","SD_Bio6","SD_Bio7","SD_Bio8","SD_Bio9","SD_Bio10","SD_Bio11","SD_Bio12","SD_Bio13","SD_Bio14","SD_Bio15","SD_Bio16","SD_Bio17","SD_Bio18","SD_Bio19","SE_Bio1","SE_Bio2","SE_Bio3","SE_Bio4","SE_Bio5","SE_Bio6","SE_Bio7","SE_Bio8","SE_Bio9","SE_Bio10","SE_Bio11","SE_Bio12","SE_Bio13","SE_Bio14","SE_Bio15","SE_Bio16","SE_Bio17","SE_Bio18","SE_Bio19"
"A_97.5_1",190,103,103,-9.54110037331442,21.5139158526671,5.04077669902913,746.108745211999,11.1915858752519,-31.7773462795517,42.9598702588128,-0.0430420847772412,-17.3569579205467,0.217475720748161,-17.6896439855538,227.631067887093,395.087377566736,123.595469891446,9199.77670495487,354.731391314164,137.216828846237,347.543688320419,139.508090093298,14.2101833122621,4.919758135503,0.186641729121947,180.990357779039,18.4569202292565,10.1285272845327,10.3839372240312,15.202734308928,11.791359474898,15.3904435248394,11.6529929890998,203.630628979594,326.681157573809,116.385297774789,7295.69866899209,298.36028587943,126.817004916853,291.129329753537,128.278867750493,0.520340999694067,0.313782775065135,0.0376861115898666,15.2917028730873,0.635567140822028,0.754748051229554,0.695869443425293,0.477000200129591,0.610011917234999,0.495398470265237,0.590204514679647,10.6371979032186,13.2742567260535,9.51314972696698,389.614301239568,12.6857418966625,10.026672716326,12.3084278229773,10.7295998254358
"A_97.5_2",224,131,131,7.54961834006182,28.7412213740458,4.88346056756172,1033.68881015923,35.4549619135966,-23.8819338718443,59.3310432026404,19.6012722976335,-4.9473282298969,19.8926209020251,-5.34198473029919,506.687023599639,881.157759571803,262.162851115219,21600.152619573,801.590330633498,286.129771691242,790.809158907592,289.254452304986,4.11947712391134,1.92058952044626,0.286278037738935,125.557638344779,4.49377724740269,6.68480907041093,5.40726684346748,4.04004403337005,5.21358834799832,4.09174751969762,4.98926639930178,54.0661782294389,106.768865191437,36.4554847464739,4441.05060935094,103.723025535066,40.9263785981484,104.226043909241,43.3581161381977,0.479226514221178,0.288989385048505,0.0347083622132035,14.0834365707952,0.585348119077178,0.695112009083704,0.640885665211471,0.439310266393207,0.561812128780516,0.456254806358324,0.543569798293475,9.79670499775609,12.2253979283658,8.76147292948077,358.829120871766,11.6833843057177,9.23442015506486,11.3358835160335,9.88180582801456
"A_97.5_3",105,36,36,13.3416667090522,17.6861111534966,4.87962963316176,614.327776760525,32.4990740458171,-3.8907407257292,36.3814816792806,20.4629630406698,6.80277780294418,21.0111110475328,6.16111111773385,714.231486850315,1000.44444953071,481.990743637085,17739.2222086589,941.629628499349,518.620372772217,926.555553860135,533.388885498047,5.29104886295935,5.84187611920321,0.720373687044355,243.581483077146,6.43669293365443,10.4004720169114,11.5785285418575,4.43896021465035,7.33428728476242,4.68742303089714,7.13375836625438,128.612595472127,142.356165398602,135.590316996002,4988.3621050193,140.346984536054,136.431509567912,140.037299660571,144.214971579827,0.699955125316025,0.422096013521632,0.0506948077819507,20.5701757253807,0.854955650164775,1.01527607298101,0.936073428314737,0.641653713725768,0.820579136034897,0.666402798433615,0.793934506943652,14.3090035106523,17.8563365862476,12.7969502945266,524.103476776571,17.0646750193158,13.4877339317583,16.5571176292867,14.4333012290389
"A_97.5_4",97,49,49,7.42312920756486,24.5448979436135,4.8129251519028,905.618378308355,31.9863945785834,-19.9421767059638,51.9217685621612,17.5142857687814,-3.47891156868059,17.9809523212666,-3.89183669333555,562.244900450415,919.394556162309,313.013604611767,20996.6325035874,844.673465028101,341.646260475626,826.843538868184,347.387753233618,5.3316455909299,5.0151139370428,0.554560903799936,261.818833422616,5.31608299929675,11.6321806624221,11.7029782990564,3.77285021580579,8.37825298066669,4.0312264449884,7.99010819972712,107.899576700432,142.4437253218,110.040960776858,5978.75265601826,137.867797807972,117.028674922347,134.480238311861,123.301971133543,0.728247462988691,0.439157225752128,0.0527439028855408,21.401626680677,0.889513142602157,1.05631375161047,0.973909718903128,0.66758949572244,0.853747122330249,0.693338943791192,0.826025511563826,14.8873765297797,18.5780935761215,13.3142057953698,545.287852751654,17.7544328772968,14.0329110567406,17.2263599077004,15.0166983888481
"A_97.5_5",38,19,19,9.32456145035593,20.5578945762233,4.67894730818899,765.345620888158,30.9052629972759,-13.2157895941483,44.1228069104646,18.3438598030492,0.29298240511041,18.573683909366,-0.128070196352506,638.315789473684,1019.45614784642,331.228068301552,23958.2985711349,949.877189234683,371.473689029091,942.315784655119,377.701758936832,4.09564413830091,2.29843869195807,0.454770404822045,74.7747902680694,6.16806049365542,5.23952646093448,2.99538882872281,4.04036814409339,4.36294127506182,4.1469247445466,4.16827019917718,96.371925602558,170.727030637026,61.6591639189173,6285.23076563319,161.175786667852,66.2912849844913,160.882881622863,69.4605229564893,1.16351784679613,0.701639615214168,0.0842687073225845,34.193287115952,1.42117133114324,1.68766794843478,1.5560113789639,1.06660487277077,1.36402811402243,1.10774465546248,1.31973741545096,23.785497601715,29.6821403902394,21.2720494696317,871.204062577755,28.3661812259545,22.4203217818474,27.5224813083269,23.9921145810443
"A_97.5_6",38,14,14,12.7738094329834,13.5500000817435,4.55714285714286,513.923814174107,28.4666665554047,-0.673809514726911,29.135714667184,19.0357143947056,7.33095250810897,19.2904760633196,6.87380948747907,776.142854418073,1074.57144056048,543.595230783735,18333.3332519531,1017.1190436227,576.880950927734,1004.0952268328,590.642852783203,11.8170830375197,7.00265835154012,0.752594203613482,243.231532734995,10.5417931510395,16.6961849609494,13.3442424979095,10.3303756930313,13.2759889787336,10.3853563649386,13.1666775219035,296.9659028743,379.627315027149,243.642344158304,7769.45717170753,367.522130957612,252.300884204028,362.549900102138,261.439514719991,1.16351784679613,0.701639615214168,0.0842687073225845,34.193287115952,1.42117133114324,1.68766794843478,1.5560113789639,1.06660487277077,1.36402811402243,1.10774465546248,1.31973741545096,23.785497601715,29.6821403902394,21.2720494696317,871.204062577755,28.3661812259545,22.4203217818474,27.5224813083269,23.9921145810443
"A_97.5_7",89,21,21,6.62539686773505,27.8111111958822,5.01587297348749,958.174615769159,32.8603177751813,-22.8809523446219,55.7333338419596,17.7492066156297,-4.8015872433072,18.106349109468,-5.23333327883766,490.015870593843,819.380943661644,282.793650309245,18442.0792875744,742.999997093564,305.158732096354,729.682547433036,308.603169759115,3.37474126928493,4.75615785093342,0.135654391747117,193.822398963757,3.4535429305416,8.41496408620055,9.69411610546897,2.46169827914377,5.63057602591997,2.52620988508655,5.50134324376706,64.2299283868336,32.3172259863304,83.878311818404,2385.59498064361,36.9462009934668,85.7940479158393,31.1381220043383,87.9810312442857,0.760273484448957,0.458469972381754,0.0550634130130161,22.3428025723815,0.928631118897267,1.10276709143951,1.01673918984965,0.696947971519817,0.891292222108803,0.723829798921626,0.862351502527808,15.5420762911398,19.3950994069663,13.8997224805622,569.267888881925,18.5352167141668,14.6500341275286,17.9839207645857,15.6770853167887
"A_97.5_8",43,9,9,17.3925923665364,18.562963019477,6.18888893127441,247.137036132812,31.8666666666667,1.79259258906047,30.0592597113715,18.6407407972548,15.2592592027452,20.2962965223524,14.374073961046,1091.66666666667,1304.29630533854,847.444451226129,15566.7037760417,1264.44445800781,901.888888888889,1159.00002034505,946.51852077908,0.41725874252098,0.764025321105507,0.0763762823935534,13.0924751148507,1.26150238271026,0.664951464836376,1.53276999286914,0.641347874381597,0.627777841168697,0.495379852542333,0.458795958523787,42.0535483128495,35.6430709181242,42.7596723633481,385.133331062928,36.6878819443223,42.497055171097,79.3872525427924,24.8373114585381,1.09378161623831,0.659586369439029,0.0792180052479758,32.1438892829803,1.33599246441276,1.58651642636644,1.46275078259847,1.00267718698025,1.28227416473085,1.04135122891965,1.24063805919004,22.3598976856903,27.9031211930666,19.9970947705384,818.987856751494,26.6660349329989,21.0765446036418,25.8729027416329,22.5541309363581
"A_97.5_9",7,6,6,9.66111094156901,18.1722220102946,4.53333339691162,797.261100260417,29.3722221374512,-11.7000000317892,41.088889058431,18.9499997456868,0.777777608235684,19.261110941569,0.22222210566204,689.44443766276,1123.88888549805,375.666664759318,27038.9443359375,1052.72220865885,403,1034.44442749023,413.77778116862,9.68073495161983,5.59207407412641,0.976615471653614,444.893584402649,6.98390014185209,18.0219372817637,15.149282831205,6.07584443651472,14.6559156063745,6.2175525211169,14.2600716177404,202.732307353601,230.581147411951,186.04682901144,7678.63778038969,229.742296405175,191.683421807844,211.778443046416,200.281655068481,2.71091454344149,1.63477083086982,0.196340146278681,79.6679480129595,3.31122899483411,3.93214732245833,3.62539679869026,2.48511414729204,3.17808932810842,2.58096694019941,3.07489512337216,55.4185322975798,69.1572942228113,49.5623753729457,2029.84403724506,66.0912021582519,52.2377688957768,64.1254408394245,55.8999352908627
"A_97.5_10",38,25,25,10.5760000305176,23.8946668701172,4.87333332824707,867.874672851563,34.5933331298828,-15.5453332366943,50.1359998779297,20.0786666870117,0.693333309173582,20.7253334960938,-0.142666641235348,609.053338623047,974.693327636718,357.039998779297,21160.6799804688,895.386669921875,390.106666259766,866.146662597656,400.546666259766,6.75546770005453,4.84622497230864,0.636759759755472,261.591218974478,5.54095882092188,13.6788288029099,11.7569400816298,4.85286177681367,10.5093784657574,5.06583784334644,9.75150273839114,113.682377091135,141.545758278473,135.33905703204,6331.37751505949,132.226224847928,141.67652657426,130.661415158748,150.365537113191,1.16351784679613,0.701639615214168,0.0842687073225845,34.193287115952,1.42117133114324,1.68766794843478,1.5560113789639,1.06660487277077,1.36402811402243,1.10774465546248,1.31973741545096,23.785497601715,29.6821403902394,21.2720494696317,871.204062577755,28.3661812259545,22.4203217818474,27.5224813083269,23.9921145810443
"A_97.5_11",37,11,11,9.85757568234746,25.7333333795721,5.07272723804821,874.636374733665,34.7909093683416,-16.375757633556,51.1666666204279,19.957575711337,-0.018181731484149,20.4666664817116,-0.784848427772517,546.090906316584,893.181823730469,310.878786954013,20007.757368608,817.848477450284,342.030301180753,797.393937544389,349.424238725142,5.3462569817065,4.99088058710039,0.31120489689916,220.441946317159,7.14572297129882,9.48620171899218,10.5649209814993,5.46235798272103,7.39386165598331,5.69477344399082,6.84771420847736,68.0424799193332,115.401850658438,58.1523416471426,4669.33951311965,105.004066038173,66.5404560612422,101.3945926832,70.7215347186038,1.17913623485524,0.711058018050218,0.0853998815248779,34.6522779502259,1.44024830998752,1.71032222314673,1.57689837232457,1.08092235733239,1.38233803549635,1.12261437658198,1.33745280430159,24.104780312114,30.0805762099531,21.5575931115657,882.898600109328,28.7469523738677,22.7212791646355,27.8919271183819,24.3141707978159
"A_97.5_12",39,3,3,22.211110941569,23.6222223917643,6.44444452921549,455.35556640625,42.6555562337239,5.46666666666667,37.1666666666667,26.9555552164713,18.9000005086263,27.5888885498047,16.7000005086263,728.999979654948,1012.22220865885,560.111104329427,14177.888671875,919.88887532552,595.111104329427,885.222208658853,629.44443766276,2.73279186147533,1.13545494209516,0.13471498939703,4.29164639795326,2.29015548047447,1.78978605472949,0.461880215351703,2.98297668446862,3.17542648054294,2.80977248467826,2.65581123827228,84.2931393016854,233.63442067829,29.059987041654,7133.54766395683,197.261318480678,29.059987041654,196.106617942299,37.1428555716445,1.14850408428215,0.69258582151239,0.0831813236072546,33.7520649260689,1.40283286825139,1.66589067544319,1.53593297159168,1.05284165263613,1.34642701385648,1.09345057718165,1.30270783211371,23.4785750966134,29.2991289839658,20.9975599121211,859.962248855018,28.0001506493477,22.1310151866399,27.1673376383809,23.6825259387042
"A_97.5_13",36,25,25,8.42666678237915,25.9640000305176,5.01999998474121,894.005349609375,33.3453333740234,-19.271999961853,52.5973336791992,18.5373335571289,-1.95600001525879,18.9866665649414,-2.58399992370605,551.840001220703,901.319995117187,325.173330688477,19796.5865820313,822.506665039062,352.493334960937,805.813337402344,359.386664428711,5.66343057732697,4.50395837204599,0.521482951200014,239.950856480758,4.24881134746765,11.6703434354432,10.2858002550573,3.40668360514122,9.07575478753184,3.62611421125738,8.53432672790983,115.455180018409,144.693174493509,121.967932393449,5806.08694222781,137.807736936717,130.277916004302,137.876985892978,136.250504639438,1.19540095124906,0.720866178177331,0.0865778665719057,35.1302629841855,1.46011474238624,1.73391398894888,1.59864972221069,1.09583233555718,1.40140566775387,1.13809944430782,1.35590130067467,24.4372757472662,30.4955003099471,21.8549532704078,895.077087132962,29.1434807933383,23.0346909238484,28.276661528917,24.6495545140376
"A_97.5_14",22,9,9,14.6666666242811,16.7481480916341,4.62962964375814,668.600002712674,33.4740743001302,-3.31111123826769,36.7888892279731,22.5333331637913,7.12592589060465,22.8740741305881,6.5962960773044,758.259250217014,1117.96297878689,483.296296861437,21998.8146701389,1050.92592366536,522.111114501953,1037.33334011502,536.962961832682,7.59961606507345,5.57771132747487,0.661950953957563,285.031352227538,5.31224379917506,14.5526345027235,13.1794769560936,4.69878772585712,11.3526645128794,4.8962511501603,11.1309307050796,221.288441828767,159.773056908461,253.266023355717,4989.7292852848,169.001127967301,258.421013290458,168.728673732391,271.922710419645,1.52916203483087,0.922135113503628,0.110750779042025,44.938783403936,1.8677850542288,2.21803022725749,2.0449995958621,1.40179343367859,1.79268415361963,1.4558617008621,1.73447477166806,31.2602681705804,39.0099750702208,27.956950159016,1144.98645702144,37.2804658934142,29.4660756359674,36.1716269646615,31.531816081437
"A_97.5_15",10,9,9,8.84814831415813,26.6259258694119,4.82962960137261,966.759250217014,35.4259256998698,-20.177777756585,55.6074076334635,20.0148149278429,-2.80740739504497,20.5037038167318,-3.06666662560569,562.148145887587,932.296291775173,295.888888888889,22383.0743272569,860.96295844184,324.703703138563,847.111111111111,328.185184054905,4.6155268444556,3.10397475447548,0.438888979159334,135.763175061066,4.19151842301644,8.40841160549714,5.72112933194201,3.32378234613471,6.59287859997508,3.58854073350423,6.36033699772876,77.6988699230826,61.9931435236686,84.4320930075604,3490.70300459358,61.2647884662927,92.2601155957496,59.2262665061727,96.427593562437,2.26811383384737,1.36774740673268,0.164269951995226,66.654987498438,2.7703729386783,3.28987048314388,3.03322458178874,2.07919566841356,2.65898030158286,2.15939186867081,2.57264183551005,46.3664707025726,57.8611436194822,41.4668582946206,1698.28936606149,55.295866951392,43.7052531104215,53.6511930342222,46.7692413437063
"A_97.5_16",5,1,1,20.633332824707,22.966667175293,6.36666679382324,457.833349609375,41.3333343505859,4.43333320617676,36.9,25.233332824707,17.066667175293,25.9666656494141,15.166667175293,680.333312988281,877.333312988281,543.333312988281,10059.3330078125,806,578.333312988281,772,608,NA,NA,NA,NA,NA,NA,NA,NA,NA,NA,NA,NA,NA,NA,NA,NA,NA,NA,NA,3.20759734483298,1.93428693250198,0.232312794002025,94.2643873201001,3.91789898271026,4.65257945571301,4.2896273412891,2.94042671309786,3.76036600458138,3.05384126715244,3.63826497490673,65.5720917069529,81.8280140410892,58.6429933892557,2401.74385431817,78.2001649858368,61.808561695707,75.874244826494,66.14169541017
"A_97.5_17",1,1,1,13.8,18.133332824707,4.36666679382324,763,35.0333343505859,-6.53333358764648,41.5666656494141,22.9,4.83333320617676,23.166667175293,4.43333320617676,761.333312988281,1166.66662597656,398,26801.666015625,1101,453.666656494141,1091.33337402344,460.333343505859,NA,NA,NA,NA,NA,NA,NA,NA,NA,NA,NA,NA,NA,NA,NA,NA,NA,NA,NA,7.17240570749439,4.32519706906398,0.519467199431434,210.781577905113,8.76068845431742,10.4034839336933,9.59189833326412,6.57499401334308,8.40843400652325,6.82859666584695,8.13540780404801,146.623654483597,182.973001859683,131.129719622447,5370.46252279777,174.86088476003,138.20814554309,169.659969173502,147.897327084226
"A_97.5_18",3,2,2,13.4333332061767,22.4166664123535,4.88333339691162,798.583325195312,37.233332824707,-8.53333320617676,45.7666656494141,23.1000007629394,4.76666660308838,23.5333335876465,3.93333339691162,657.5,998.83331298828,388.166671752929,21322.8330078125,934.000030517579,425.333343505859,922.666656494141,437.5,1.79133735883248,2.80485725835977,0.683536645060271,145.829000015605,0.942809760888247,0.329982984727171,0.565685424949236,3.5826747176649,0.329983254466997,3.34697173796319,0.188561898229688,73.3033742107565,218.967371135184,5.421144796035,8171.08980077537,197.047104076777,9.89949493661167,195.632890514403,10.6066017177982,4.14099036595909,2.49715369212227,0.29991452742692,121.694800743731,5.05798583738661,6.00645424962775,5.53788508474956,3.7960745635238,4.8546116371294,3.94249212321412,4.6969798856345,84.6532063856714,105.639511878122,75.7077789227797,3100.63798321009,100.955978886939,79.7945100335023,97.9532288730251,85.3885616045039
"A_97.5_19",1,1,1,20.633332824707,22.966667175293,6.36666679382324,457.833349609375,41.3333343505859,4.43333320617676,36.9,25.233332824707,17.066667175293,25.9666656494141,15.166667175293,680.333312988281,877.333312988281,543.333312988281,10059.3330078125,806,578.333312988281,772,608,NA,NA,NA,NA,NA,NA,NA,NA,NA,NA,NA,NA,NA,NA,NA,NA,NA,NA,NA,7.17240570749439,4.32519706906398,0.519467199431434,210.781577905113,8.76068845431742,10.4034839336933,9.59189833326412,6.57499401334308,8.40843400652325,6.82859666584695,8.13540780404801,146.623654483597,182.973001859683,131.129719622447,5370.46252279777,174.86088476003,138.20814554309,169.659969173502,147.897327084226
"A_97.5_21",3,1,1,-4.26666679382324,15.266667175293,4.5,595.933349609375,10.5,-23.766667175293,34.2666656494141,3.83333320617676,-10.4,3.93333320617676,-10.5666664123535,295,492,180.66667175293,10077,441.333343505859,203,440.333343505859,204.33332824707,NA,NA,NA,NA,NA,NA,NA,NA,NA,NA,NA,NA,NA,NA,NA,NA,NA,NA,NA,4.14099036595909,2.49715369212227,0.29991452742692,121.694800743731,5.05798583738661,6.00645424962775,5.53788508474956,3.7960745635238,4.8546116371294,3.94249212321412,4.6969798856345,84.6532063856714,105.639511878122,75.7077789227797,3100.63798321009,100.955978886939,79.7945100335023,97.9532288730251,85.3885616045039
"A_97.5_22",8,4,4,6.26666679382324,19.566667175293,4,970.86669921875,29.3333343505859,-19.766667175293,49.1,17.666667175293,-5.8,17.733332824707,-6,581.333312988281,1059.33337402344,242.33332824707,28502.666015625,971.666687011719,279.666656494141,967,282,0,0,0,0,0,0,0,0,0,0,0,0,0,0,0,0,0,0,0,2.53582835659519,1.52918808875166,0.183659389660976,74.522541542953,3.09737110695527,3.6781870187399,3.3912481779515,2.32461142654792,2.97283035258608,2.41427350420411,2.87630101298015,51.8392901838524,64.6907251945202,46.3613569800613,1898.74523398926,61.8226586890483,48.8639584643683,59.983857349242,52.2896014503105
"A_97.5_25",1,1,1,-4.26666679382324,15.266667175293,4.5,595.933349609375,10.5,-23.766667175293,34.2666656494141,3.83333320617676,-10.4,3.93333320617676,-10.5666664123535,295,492,180.66667175293,10077,441.333343505859,203,440.333343505859,204.33332824707,NA,NA,NA,NA,NA,NA,NA,NA,NA,NA,NA,NA,NA,NA,NA,NA,NA,NA,NA,7.17240570749439,4.32519706906398,0.519467199431434,210.781577905113,8.76068845431742,10.4034839336933,9.59189833326412,6.57499401334308,8.40843400652325,6.82859666584695,8.13540780404801,146.623654483597,182.973001859683,131.129719622447,5370.46252279777,174.86088476003,138.20814554309,169.659969173502,147.897327084226
"A_97.5_26",2,2,2,12.7333335876465,26.8166664123535,5.26666679382324,850.15,38.4,-13.1500002861023,51.583332824707,22.583332824707,3.18333320617675,23.2500007629395,2.44999980926514,595.333343505859,897.666656494141,382,17497.1665039062,826.5,411.333328247071,806.166656494141,421,7.96673676102156,3.370542683309,0.282842712474619,174.726085631196,6.17539778375014,15.1556556581282,8.98025396315052,5.77470466038395,11.007295380644,6.34039116429243,10.6301718539245,163.105978579821,107.951649647271,160.277551455075,1733.11803015426,126.10073808385,167.820016594669,108.658756428457,176.776695296637,5.07165671319038,3.05837617750332,0.367318779321952,149.045083085906,6.19474221391054,7.3563740374798,6.782496355903,4.64922285309584,5.94566070517216,4.82854700840823,5.7526020259603,103.678580367705,129.38145038904,92.7227139601226,3797.49046797852,123.645317378097,97.7279169287366,119.967714698484,104.579202900621
"A_97.5_28",6,3,3,6.84444452921549,28.6444447835286,5.12222213745117,948.533365885417,33.5666676839192,-22.811110941569,56.3888895670573,18.0000005086263,-4.43333333333333,18.3444442749023,-4.88888893127441,473,806.222229003906,262.444437662761,18528.77734375,727.888895670573,287,717.55556233724,290.666656494141,0.0769801827197139,0.0962244575538962,0.0192449355591057,3.17542648054294,0.0577350269189634,0.211694511391763,0.192448915107731,0.0577350269189613,0.115470053837925,0.0769797422364,0.134715209638676,0,0.769823851362358,0.384894306349332,20.5917837220151,0.192438343508447,0,0.769788612698073,0,2.92812236859784,1.76575430936468,0.212071596119934,86.051218841038,3.57653608476159,4.24720453079854,3.91587609685825,2.68423006575745,3.43272880864133,2.78776291509925,3.32126632822897,59.8588562844926,74.6984152102567,53.5334838648695,2192.48214393244,71.3866572722808,56.4232391461475,69.263392375234,60.37883094631
"A_97.5_29",6,4,4,7.89999980926514,28.4166664123535,5.10833320617676,940.09169921875,34.9833335876465,-20.9916664123535,55.95,18.8750003814698,-3.30833332538605,19.2666664123535,-3.78333334922791,478.083328247071,791.416656494141,272.416671752929,17554.5827636719,715.999984741211,299.083343505859,705.000015258789,302.249992370606,1.66666679382324,0.166667175292948,0.0499999999999998,0.950000000000045,2.36666717529295,2.283332824707,0.100000000000001,1.4166664123535,1.3833333492279,1.466667175293,1.43333330154419,10.833343505859,27.833312988281,20.166656494141,1902.16650390625,22.6666564941405,23.5,21.3333435058595,23.1666717529295,2.92812236859784,1.76575430936468,0.212071596119934,86.051218841038,3.57653608476159,4.24720453079854,3.91587609685825,2.68423006575745,3.43272880864133,2.78776291509925,3.32126632822897,59.8588562844926,74.6984152102567,53.5334838648695,2192.48214393244,71.3866572722808,56.4232391461475,69.263392375234,60.37883094631
"A_97.5_30",6,4,4,6.15833339691163,26.3750003814697,4.50833330154419,1037.10832519531,33.5750007629394,-25.4749996185303,59.05,17.5083332061768,-6.97500003576279,17.9833332061768,-7.15833330154419,531.91667175293,919,261.083335876465,22740.5004882812,838.58332824707,287.833332061768,818.58332824707,290.916664123535,3.21919886241455,1.64437911760199,0.435783564244562,133.312638536794,3.10774150051489,7.07223956270867,4.0908666701827,1.79719421244358,4.98102879986149,2.35647242274196,4.91862476093752,36.8273169205423,80.3810597916046,35.1297856684926,3970.60119394569,75.4808562697964,43.4617743718261,77.6723473490208,43.6970912236537,2.92812236859784,1.76575430936468,0.212071596119934,86.051218841038,3.57653608476159,4.24720453079854,3.91587609685825,2.68423006575745,3.43272880864133,2.78776291509925,3.32126632822897,59.8588562844926,74.6984152102567,53.5334838648695,2192.48214393244,71.3866572722808,56.4232391461475,69.263392375234,60.37883094631
"A_97.5_31",1,1,1,15.266667175293,20.433332824707,6.8,209.266674804688,28.7333343505859,-1.4,30.1,16.8,12.8,17.5,12.6,930,1113,709.666687011719,12830.3330078125,1058.66662597656,767,1030,776,NA,NA,NA,NA,NA,NA,NA,NA,NA,NA,NA,NA,NA,NA,NA,NA,NA,NA,NA,7.17240570749439,4.32519706906398,0.519467199431434,210.781577905113,8.76068845431742,10.4034839336933,9.59189833326412,6.57499401334308,8.40843400652325,6.82859666584695,8.13540780404801,146.623654483597,182.973001859683,131.129719622447,5370.46252279777,174.86088476003,138.20814554309,169.659969173502,147.897327084226
"A_97.5_32",3,2,2,11.3499997138977,21.4833335876465,5.23333339691162,722.766674804687,33.1333335876464,-9.96666698455812,43.1,19.433332824707,3.7333335876465,19.833332824707,2.75000038146974,586.666656494141,921.166656494141,379.833320617675,18477.9995117188,836.666656494141,405.166656494141,817.833343505859,420.166664123535,13.1286155893337,2.09775047717322,1.60277546060278,374.672301615813,11.5965522904187,20.3646755679124,8.76812408671319,8.20243866176395,18.8561811912944,8.6738424632488,17.5598185792925,132.464655956155,61.9897088701451,231.223906658408,11905.7923469203,43.3692015266505,244.894634164816,64.8181359948913,265.636451062278,4.14099036595909,2.49715369212227,0.29991452742692,121.694800743731,5.05798583738661,6.00645424962775,5.53788508474956,3.7960745635238,4.8546116371294,3.94249212321412,4.6969798856345,84.6532063856714,105.639511878122,75.7077789227797,3100.63798321009,100.955978886939,79.7945100335023,97.9532288730251,85.3885616045039
"A_97.5_33",5,2,2,20.633332824707,22.966667175293,6.36666679382324,457.833349609375,41.3333343505859,4.43333320617676,36.9,25.233332824707,17.066667175293,25.9666656494141,15.166667175293,680.333312988281,877.333312988281,543.333312988281,10059.3330078125,806,578.333312988281,772,608,0,0,0,0,0,0,0,0,0,0,0,0,0,0,0,0,0,0,0,3.20759734483298,1.93428693250198,0.232312794002025,94.2643873201001,3.91789898271026,4.65257945571301,4.2896273412891,2.94042671309786,3.76036600458138,3.05384126715244,3.63826497490673,65.5720917069529,81.8280140410892,58.6429933892557,2401.74385431817,78.2001649858368,61.808561695707,75.874244826494,66.14169541017
"A_97.5_35",2,1,1,8.5,14.733332824707,4.13333320617676,642.4,26.4666656494141,-9.5,35.9666656494141,16.133332824707,1.43333330154419,16.4,0.9,590,909,354,19350.333984375,850,386.666656494141,845,394,NA,NA,NA,NA,NA,NA,NA,NA,NA,NA,NA,NA,NA,NA,NA,NA,NA,NA,NA,5.07165671319038,3.05837617750332,0.367318779321952,149.045083085906,6.19474221391054,7.3563740374798,6.782496355903,4.64922285309584,5.94566070517216,4.82854700840823,5.7526020259603,103.678580367705,129.38145038904,92.7227139601226,3797.49046797852,123.645317378097,97.7279169287366,119.967714698484,104.579202900621
"A_97.5_37",1,1,1,21.7,14.1,4.33333320617676,631.8,40.0666656494141,7.6,32.4,29.2666656494141,15.233332824707,29.8333343505859,14.466667175293,932.333312988281,1334.66662597656,626.666687011719,25455,1269.33337402344,659.333312988281,1240.33337402344,679.333312988281,NA,NA,NA,NA,NA,NA,NA,NA,NA,NA,NA,NA,NA,NA,NA,NA,NA,NA,NA,7.17240570749439,4.32519706906398,0.519467199431434,210.781577905113,8.76068845431742,10.4034839336933,9.59189833326412,6.57499401334308,8.40843400652325,6.82859666584695,8.13540780404801,146.623654483597,182.973001859683,131.129719622447,5370.46252279777,174.86088476003,138.20814554309,169.659969173502,147.897327084226
"A_97.5_38",1,1,1,-3.53333320617676,11.9,4.36666679382324,472.3,4.1,-23.466667175293,27.5666656494141,1.56666669845581,-9.53333358764648,1.6,-9.63333358764648,286.666656494141,368.333343505859,210,5611.66650390625,355,220.33332824707,354.333343505859,220.33332824707,NA,NA,NA,NA,NA,NA,NA,NA,NA,NA,NA,NA,NA,NA,NA,NA,NA,NA,NA,7.17240570749439,4.32519706906398,0.519467199431434,210.781577905113,8.76068845431742,10.4034839336933,9.59189833326412,6.57499401334308,8.40843400652325,6.82859666584695,8.13540780404801,146.623654483597,182.973001859683,131.129719622447,5370.46252279777,174.86088476003,138.20814554309,169.659969173502,147.897327084226
"A_97.5_39",2,1,1,19.833332824707,5.4,3.86666679382324,231.2,25.9666656494141,14.133332824707,11.8333335876465,22.833332824707,17.266667175293,22.833332824707,17.233332824707,1086,1345,875.333312988281,16268.6669921875,1304.33337402344,903,1303,907.333312988281,NA,NA,NA,NA,NA,NA,NA,NA,NA,NA,NA,NA,NA,NA,NA,NA,NA,NA,NA,5.07165671319038,3.05837617750332,0.367318779321952,149.045083085906,6.19474221391054,7.3563740374798,6.782496355903,4.64922285309584,5.94566070517216,4.82854700840823,5.7526020259603,103.678580367705,129.38145038904,92.7227139601226,3797.49046797852,123.645317378097,97.7279169287366,119.967714698484,104.579202900621
"A_97.5_40",1,1,1,13.266667175293,27.8,5.03333320617676,979.2,41.0333343505859,-14.4,55.4666687011719,24.966667175293,1.86666660308838,25.6333343505859,1.4,498.333343505859,819,292,17131.333984375,732,327.666656494141,701,330.333343505859,NA,NA,NA,NA,NA,NA,NA,NA,NA,NA,NA,NA,NA,NA,NA,NA,NA,NA,NA,7.17240570749439,4.32519706906398,0.519467199431434,210.781577905113,8.76068845431742,10.4034839336933,9.59189833326412,6.57499401334308,8.40843400652325,6.82859666584695,8.13540780404801,146.623654483597,182.973001859683,131.129719622447,5370.46252279777,174.86088476003,138.20814554309,169.659969173502,147.897327084226
"A_97.5_43",2,1,1,25.6,14.9,5.36666679382324,256,38.8,10.8,28,27.4666656494141,22.566667175293,27.9333343505859,21.933332824707,1639,2013.66662597656,1143.66662597656,30210.333984375,1976.66662597656,1250.66662597656,1868.66662597656,1287,NA,NA,NA,NA,NA,NA,NA,NA,NA,NA,NA,NA,NA,NA,NA,NA,NA,NA,NA,5.07165671319038,3.05837617750332,0.367318779321952,149.045083085906,6.19474221391054,7.3563740374798,6.782496355903,4.64922285309584,5.94566070517216,4.82854700840823,5.7526020259603,103.678580367705,129.38145038904,92.7227139601226,3797.49046797852,123.645317378097,97.7279169287366,119.967714698484,104.579202900621
"A_97.5_46",2,2,2,6.93333358764648,28.5333343505859,5.1,944.86669921875,33.6333343505859,-22.566667175293,56.1666687011719,18.066667175293,-4.3,18.433332824707,-4.73333320617676,473,805.333312988281,262,18505,727.666687011719,287,716.666687011719,290.666656494141,0,0,0,0,0,0,0,0,0,0,0,0,0,0,0,0,0,0,0,5.07165671319038,3.05837617750332,0.367318779321952,149.045083085906,6.19474221391054,7.3563740374798,6.782496355903,4.64922285309584,5.94566070517216,4.82854700840823,5.7526020259603,103.678580367705,129.38145038904,92.7227139601226,3797.49046797852,123.645317378097,97.7279169287366,119.967714698484,104.579202900621
"A_97.5_47",2,1,1,5.73333320617676,27.8,4.83333320617676,1046.3,33.2666656494141,-24.366667175293,57.6666687011719,17.833332824707,-7.26666641235352,18.166667175293,-7.36666641235352,472.333343505859,817.666687011719,252.33332824707,19343.333984375,733.333312988281,270.333343505859,723.666687011719,272.666656494141,NA,NA,NA,NA,NA,NA,NA,NA,NA,NA,NA,NA,NA,NA,NA,NA,NA,NA,NA,5.07165671319038,3.05837617750332,0.367318779321952,149.045083085906,6.19474221391054,7.3563740374798,6.782496355903,4.64922285309584,5.94566070517216,4.82854700840823,5.7526020259603,103.678580367705,129.38145038904,92.7227139601226,3797.49046797852,123.645317378097,97.7279169287366,119.967714698484,104.579202900621
"A_97.5_48",2,2,2,6.93333358764648,28.5333343505859,5.1,944.86669921875,33.6333343505859,-22.566667175293,56.1666687011719,18.066667175293,-4.3,18.433332824707,-4.73333320617676,473,805.333312988281,262,18505,727.666687011719,287,716.666687011719,290.666656494141,0,0,0,0,0,0,0,0,0,0,0,0,0,0,0,0,0,0,0,5.07165671319038,3.05837617750332,0.367318779321952,149.045083085906,6.19474221391054,7.3563740374798,6.782496355903,4.64922285309584,5.94566070517216,4.82854700840823,5.7526020259603,103.678580367705,129.38145038904,92.7227139601226,3797.49046797852,123.645317378097,97.7279169287366,119.967714698484,104.579202900621
"A_97.5_49",2,1,1,-0.0333333343267441,30.4,4.86666679382324,1189.2,28.7333343505859,-34.2,62.9,13.433332824707,-14.433332824707,13.633332824707,-14.533332824707,460.333343505859,819.666687011719,256.666656494141,20383,742.333312988281,262.666656494141,736.666687011719,264,NA,NA,NA,NA,NA,NA,NA,NA,NA,NA,NA,NA,NA,NA,NA,NA,NA,NA,NA,5.07165671319038,3.05837617750332,0.367318779321952,149.045083085906,6.19474221391054,7.3563740374798,6.782496355903,4.64922285309584,5.94566070517216,4.82854700840823,5.7526020259603,103.678580367705,129.38145038904,92.7227139601226,3797.49046797852,123.645317378097,97.7279169287366,119.967714698484,104.579202900621
"A_97.5_62",1,1,1,15.766667175293,20.566667175293,4.46666679382324,859.73330078125,40.5333343505859,-6,46.5333343505859,25.6333343505859,6.16666679382324,26.5666656494141,5.66666679382324,763.666687011719,1054.66662597656,491.666656494141,18817.333984375,990.666687011719,536.333312988281,961,551,NA,NA,NA,NA,NA,NA,NA,NA,NA,NA,NA,NA,NA,NA,NA,NA,NA,NA,NA,7.17240570749439,4.32519706906398,0.519467199431434,210.781577905113,8.76068845431742,10.4034839336933,9.59189833326412,6.57499401334308,8.40843400652325,6.82859666584695,8.13540780404801,146.623654483597,182.973001859683,131.129719622447,5370.46252279777,174.86088476003,138.20814554309,169.659969173502,147.897327084226
"A_97.5_64",1,1,1,3.46666679382324,24.866667175293,4.7,971.73330078125,26.4333343505859,-26.7,53.1333312988281,13.833332824707,-9.1,13.866667175293,-9.2,571.333312988281,976.333312988281,244.33332824707,26197,914.666687011719,278,914,281,NA,NA,NA,NA,NA,NA,NA,NA,NA,NA,NA,NA,NA,NA,NA,NA,NA,NA,NA,7.17240570749439,4.32519706906398,0.519467199431434,210.781577905113,8.76068845431742,10.4034839336933,9.59189833326412,6.57499401334308,8.40843400652325,6.82859666584695,8.13540780404801,146.623654483597,182.973001859683,131.129719622447,5370.46252279777,174.86088476003,138.20814554309,169.659969173502,147.897327084226
"A_97.5_65",1,1,1,10.3333335876465,20.966667175293,4.53333320617676,803.233349609375,33.7,-12.7333335876465,46.4333343505859,19.4,0.4,20.033332824707,0.333333325386047,668.333312988281,1009.33331298828,359,22434,950.666687011719,408,936,410,NA,NA,NA,NA,NA,NA,NA,NA,NA,NA,NA,NA,NA,NA,NA,NA,NA,NA,NA,7.17240570749439,4.32519706906398,0.519467199431434,210.781577905113,8.76068845431742,10.4034839336933,9.59189833326412,6.57499401334308,8.40843400652325,6.82859666584695,8.13540780404801,146.623654483597,182.973001859683,131.129719622447,5370.46252279777,174.86088476003,138.20814554309,169.659969173502,147.897327084226
"A_97.5_68",1,1,1,6.93333358764648,29.1,5.1,965.4,33.8333343505859,-23.566667175293,57.4,18.266667175293,-4.63333320617676,18.566667175293,-5.06666679382324,476.333343505859,816.333312988281,266.333343505859,18665.333984375,733,290,724.333312988281,293.666656494141,NA,NA,NA,NA,NA,NA,NA,NA,NA,NA,NA,NA,NA,NA,NA,NA,NA,NA,NA,7.17240570749439,4.32519706906398,0.519467199431434,210.781577905113,8.76068845431742,10.4034839336933,9.59189833326412,6.57499401334308,8.40843400652325,6.82859666584695,8.13540780404801,146.623654483597,182.973001859683,131.129719622447,5370.46252279777,174.86088476003,138.20814554309,169.659969173502,147.897327084226
"A_97.5_70",1,1,1,6.93333358764648,29.1,5.1,965.4,33.8333343505859,-23.566667175293,57.4,18.266667175293,-4.63333320617676,18.566667175293,-5.06666679382324,476.333343505859,816.333312988281,266.333343505859,18665.333984375,733,290,724.333312988281,293.666656494141,NA,NA,NA,NA,NA,NA,NA,NA,NA,NA,NA,NA,NA,NA,NA,NA,NA,NA,NA,7.17240570749439,4.32519706906398,0.519467199431434,210.781577905113,8.76068845431742,10.4034839336933,9.59189833326412,6.57499401334308,8.40843400652325,6.82859666584695,8.13540780404801,146.623654483597,182.973001859683,131.129719622447,5370.46252279777,174.86088476003,138.20814554309,169.659969173502,147.897327084226
"A_97.5_72",1,1,1,-23.866667175293,22.5,4.96666679382324,834.43330078125,-0.966666698455811,-46.5333343505859,45.6,-12.4,-31.7,-12.2666664123535,-31.9333343505859,70.3333358764648,178,21,5417,148.66667175293,26.3333339691162,147.33332824707,27.3333339691162,NA,NA,NA,NA,NA,NA,NA,NA,NA,NA,NA,NA,NA,NA,NA,NA,NA,NA,NA,7.17240570749439,4.32519706906398,0.519467199431434,210.781577905113,8.76068845431742,10.4034839336933,9.59189833326412,6.57499401334308,8.40843400652325,6.82859666584695,8.13540780404801,146.623654483597,182.973001859683,131.129719622447,5370.46252279777,174.86088476003,138.20814554309,169.659969173502,147.897327084226
"I_97.5_1",160,55,55,5.85272727576169,23.8406061068448,4.78060606522994,912.633942649148,29.7333334003795,-20.8575757529519,50.5915152254972,16.4200000810623,-4.98060604528947,16.7048484919288,-5.38545451901176,535.733331576261,891.927269952947,283.569697293368,21191.2424005682,820.284850519354,312.448482305353,810.715150590376,320.048482998935,7.41220403196086,5.59287723491479,0.487358337672826,270.275722327493,7.6798038348265,12.6670004139187,12.1445228248594,5.7136239250536,9.80068173690813,5.87672544895398,9.62871167075556,166.90512412693,181.939525391442,154.85735952613,5338.60379700086,181.913071570792,163.894451408508,180.659054298393,175.715554335504,0.567028458461842,0.34193685168317,0.0410674879988064,16.6637468746095,0.692593234669576,0.822467620785971,0.758306145447186,0.519798917103391,0.664745075395714,0.539847967167702,0.643160458877512,11.5916176756432,14.4652859048705,10.3667145736551,424.572341515373,13.823966737848,10.9263132776054,13.4127982585556,11.6923103359266
"I_97.5_2",1,1,1,12.933332824707,9.06666641235352,4.1,329.933325195312,24,2.6,21.4,16.6,9.4,16.9,9.2,739.333312988281,954.333312988281,567,12890.3330078125,911,603.333312988281,894,611,NA,NA,NA,NA,NA,NA,NA,NA,NA,NA,NA,NA,NA,NA,NA,NA,NA,NA,NA,7.17240570749439,4.32519706906398,0.519467199431434,210.781577905113,8.76068845431742,10.4034839336933,9.59189833326412,6.57499401334308,8.40843400652325,6.82859666584695,8.13540780404801,146.623654483597,182.973001859683,131.129719622447,5370.46252279777,174.86088476003,138.20814554309,169.659969173502,147.897327084226
"I_97.5_3",55,2,2,18.2666664123535,23.25,5.88333339691162,565.766674804687,40.4,0.18333320617676,40.2166671752929,24.683332824707,12.8500003814697,25.333332824707,11.6666667938233,693.5,965.499969482421,487.166656494141,16004.6665039062,898.5,522.499984741211,876.5,542.166671752929,3.3469717379632,0.400693123366117,0.683536645060271,152.640772323237,1.31993409682726,6.01040764008565,4.69047570117695,0.777817459305201,5.96326736783313,0.895667870196775,4.94974800778551,18.6205073434947,124.686481363102,79.4316473671644,8407.97126300683,130.814754519511,78.9602500394352,147.785317267988,93.1023856631669,0.967126988304658,0.583209453817871,0.0700449428821677,28.4217821666825,1.18129099019682,1.40280548744691,1.29337130740961,0.886572011898509,1.13379301014584,0.920767786586193,1.09697816451431,19.7707295373398,24.6720745376569,17.6815277868594,724.153018846851,23.5782368910826,18.6359825432903,22.8769455764586,19.9424715157732
"I_97.5_4",3,3,3,9.16666647593179,25.1333333333333,4.88888880411784,897.244449869792,32.1444447835286,-19.4777778625488,51.5888885498047,19.1777778625488,-2.03333326975504,19.5111111958822,-2.17777767181396,673.666666666667,1076,336.111119588216,25785.6666666667,1006.44441731771,380.666666666667,998.888875325521,383.444437662761,6.45763958804262,0.240369591294492,0.189541427582723,112.683383240744,8.01785099395532,7.90613928908195,1.69487122766699,6.26687370954784,7.22064923526666,6.62607090023408,7.18217946339354,188.384657248522,288.113368362129,129.354095284753,4521.07471360214,260.973876550869,151.059960570478,263.368434162263,150.429883610701,4.14099036595909,2.49715369212227,0.29991452742692,121.694800743731,5.05798583738661,6.00645424962775,5.53788508474956,3.7960745635238,4.8546116371294,3.94249212321412,4.6969798856345,84.6532063856714,105.639511878122,75.7077789227797,3100.63798321009,100.955978886939,79.7945100335023,97.9532288730251,85.3885616045039
"I_97.5_6",4,3,3,11.811110941569,20.2333338419597,7.33333320617676,256.05556233724,26.7111114501953,-1.72222226460775,28.4333333333333,14.1888885498047,9.37777786254884,14.6777773539225,8.65555572509767,699.333312988281,873.44443766276,518.22221883138,11704.5553385417,829.888875325521,553.888875325521,797.777791341146,572,7.6403409835265,2.61023626006025,0.850489838022371,175.165419834328,12.6744426233835,5.35426440936837,7.40480317496355,9.56947292206143,6.66177635077338,9.77737321344205,5.64125048706507,32.0468407179241,15.8616680545611,36.2481195695383,1458.60046424937,28.4298922481022,36.1744791354234,23.1164637178948,44.9159562827971,3.58620285374719,2.16259853453199,0.259733599715717,105.390788952557,4.38034422715871,5.20174196684663,4.79594916663206,3.28749700667154,4.20421700326162,3.41429833292347,4.067703902024,73.3118272417985,91.4865009298414,65.5648598112233,2685.23126139889,87.4304423800149,69.1040727715452,84.8299845867511,73.9486635421129
"I_97.5_8",3,1,1,20.633332824707,22.966667175293,6.36666679382324,457.833349609375,41.3333343505859,4.43333320617676,36.9,25.233332824707,17.066667175293,25.9666656494141,15.166667175293,680.333312988281,877.333312988281,543.333312988281,10059.3330078125,806,578.333312988281,772,608,NA,NA,NA,NA,NA,NA,NA,NA,NA,NA,NA,NA,NA,NA,NA,NA,NA,NA,NA,4.14099036595909,2.49715369212227,0.29991452742692,121.694800743731,5.05798583738661,6.00645424962775,5.53788508474956,3.7960745635238,4.8546116371294,3.94249212321412,4.6969798856345,84.6532063856714,105.639511878122,75.7077789227797,3100.63798321009,100.955978886939,79.7945100335023,97.9532288730251,85.3885616045039
"I_97.5_11",2,1,1,9,14.766667175293,7.26666641235352,138.033337402344,18.233332824707,-2.2,20.433332824707,10.1,7.26666641235352,10.3,7.13333358764648,846,989,632.666687011719,12547.6669921875,967,669.333312988281,955,683.333312988281,NA,NA,NA,NA,NA,NA,NA,NA,NA,NA,NA,NA,NA,NA,NA,NA,NA,NA,NA,5.07165671319038,3.05837617750332,0.367318779321952,149.045083085906,6.19474221391054,7.3563740374798,6.782496355903,4.64922285309584,5.94566070517216,4.82854700840823,5.7526020259603,103.678580367705,129.38145038904,92.7227139601226,3797.49046797852,123.645317378097,97.7279169287366,119.967714698484,104.579202900621
"I_97.5_12",1,1,1,-4.26666679382324,15.266667175293,4.5,595.933349609375,10.5,-23.766667175293,34.2666656494141,3.83333320617676,-10.4,3.93333320617676,-10.5666664123535,295,492,180.66667175293,10077,441.333343505859,203,440.333343505859,204.33332824707,NA,NA,NA,NA,NA,NA,NA,NA,NA,NA,NA,NA,NA,NA,NA,NA,NA,NA,NA,7.17240570749439,4.32519706906398,0.519467199431434,210.781577905113,8.76068845431742,10.4034839336933,9.59189833326412,6.57499401334308,8.40843400652325,6.82859666584695,8.13540780404801,146.623654483597,182.973001859683,131.129719622447,5370.46252279777,174.86088476003,138.20814554309,169.659969173502,147.897327084226
"I_97.5_13",1,1,1,12.2333335876465,21.633332824707,4.56666679382324,947.16669921875,33.6333343505859,-13.766667175293,47.3666656494141,23.066667175293,0.233333325386047,23.5,0.0666666686534882,855.666687011719,1654.66662597656,304,46320.33203125,1500,368.333343505859,1472.33337402344,371,NA,NA,NA,NA,NA,NA,NA,NA,NA,NA,NA,NA,NA,NA,NA,NA,NA,NA,NA,7.17240570749439,4.32519706906398,0.519467199431434,210.781577905113,8.76068845431742,10.4034839336933,9.59189833326412,6.57499401334308,8.40843400652325,6.82859666584695,8.13540780404801,146.623654483597,182.973001859683,131.129719622447,5370.46252279777,174.86088476003,138.20814554309,169.659969173502,147.897327084226
"I_97.5_16",1,1,1,16.066667175293,17.866667175293,4.36666679382324,838.56669921875,35.1666656494141,-5.93333320617676,41.0666656494141,25.9,6.03333320617676,26.2333343505859,5.76666679382324,960.333312988281,1742,452.333343505859,44475.66796875,1588.33337402344,506.666656494141,1560.66662597656,513.666687011719,NA,NA,NA,NA,NA,NA,NA,NA,NA,NA,NA,NA,NA,NA,NA,NA,NA,NA,NA,7.17240570749439,4.32519706906398,0.519467199431434,210.781577905113,8.76068845431742,10.4034839336933,9.59189833326412,6.57499401334308,8.40843400652325,6.82859666584695,8.13540780404801,146.623654483597,182.973001859683,131.129719622447,5370.46252279777,174.86088476003,138.20814554309,169.659969173502,147.897327084226
"G_97.5_1",72,5,5,21.4,18.5666668701172,6.33333320617676,358.493330078125,35.84,5.63333330154419,30.2066665649414,25.0533334350586,17.2999998474121,25.4733331298828,16.9666667175293,1167.13332519531,1580.6,800.866662597656,26331.7333984375,1497.4,860.666674804688,1445.33332519531,885.333337402344,2.29589052215638,1.39602617288696,1.18509253175049,226.497498106174,2.11087096194712,4.82717999902227,5.63350071600063,1.9649144810172,4.80537864217309,1.89522737604555,4.64153965537111,87.3373301749031,135.90894951819,144.930951652155,8765.86785794307,125.428042665869,141.007691662807,123.56082007935,154.062047087387,0.845276118865063,0.50972936291722,0.0612197965536586,24.8408471809843,1.03245703565176,1.22606233957997,1.13041605931717,0.774870475515974,0.990943450862027,0.804757834734705,0.958767004326717,17.2797633946175,21.5635750648401,15.4537856600204,632.91507799642,20.6075528963494,16.2879861547894,19.994619116414,17.4298671501035
"G_97.5_3",7,5,5,18.4266665649414,20.12,6.0066667175293,503.113337402344,34.4466665649414,-0.626666584014886,35.08,23.9133334350586,12.6599998474121,24.5199996948242,12.2933332824707,1126.06663818359,1544.13334960938,790.066674804688,25439.3330078125,1453.13332519531,845.066674804688,1417.13332519531,859.4,4.42577064465457,5.00558596779726,0.972511126605246,322.48561152237,7.89421765977614,8.30476459484696,12.9625014572445,6.24947144588511,5.63138013351825,6.53548450503269,5.44520150716203,116.171659401537,283.672784668648,132.258033246616,10896.5288160963,241.345610439444,125.675833103179,245.694305667768,151.794730474379,2.71091454344149,1.63477083086982,0.196340146278681,79.6679480129595,3.31122899483411,3.93214732245833,3.62539679869026,2.48511414729204,3.17808932810842,2.58096694019941,3.07489512337216,55.4185322975798,69.1572942228113,49.5623753729457,2029.84403724506,66.0912021582519,52.2377688957768,64.1254408394245,55.8999352908627
"G_97.5_5",6,3,3,22.011110941569,18.388889058431,5.68888880411784,446.811116536459,38.0444437662761,5.33333349227905,32.7,26.7666666666667,16.9666664123535,27.122221883138,16.5222221374512,1206.11108398437,1707.88887532552,774.777770996094,31814.1119791667,1616.44445800781,843.222208658854,1553.22220865885,881.222208658854,3.00782957546864,0.971444336697707,0.828206490506485,244.82476105451,0.926363439431356,4.01123438450813,3.29915821372109,1.0268620807905,5.88585832281134,0.86943885007963,5.55271046092888,139.057252277572,33.4237229319485,169.507906232266,4652.76963860971,58.0998273940215,174.522299271928,15.3127928921529,202.295260499843,2.92812236859784,1.76575430936468,0.212071596119934,86.051218841038,3.57653608476159,4.24720453079854,3.91587609685825,2.68423006575745,3.43272880864133,2.78776291509925,3.32126632822897,59.8588562844926,74.6984152102567,53.5334838648695,2192.48214393244,71.3866572722808,56.4232391461475,69.263392375234,60.37883094631
"G_97.5_7",5,2,2,20.6,18.7333335876465,5.59999980926514,528.566662597656,37.3666656494141,3.31666665077209,34.0333328247071,26.7,14.5833332061767,26.983332824707,14.2999996185303,1094.83331298828,1617,676.666656494141,31877.833984375,1516.16668701172,738,1479.33331298828,754.5,2.78128739197334,2.02703979905456,1.22565166414341,284.162650887284,0,3.51196370237151,3.48839417315982,1.4142135623731,6.15182845684327,1.10779990455274,5.84541587798223,69.0607335236358,78.253207995812,137.650134457106,7502.16816684083,49.7332057157042,135.764501987817,85.7956515562181,150.142368644193,3.20759734483298,1.93428693250198,0.232312794002025,94.2643873201001,3.91789898271026,4.65257945571301,4.2896273412891,2.94042671309786,3.76036600458138,3.05384126715244,3.63826497490673,65.5720917069529,81.8280140410892,58.6429933892557,2401.74385431817,78.2001649858368,61.808561695707,75.874244826494,66.14169541017
"G_97.5_8",4,4,4,21.9833332061768,24.2916667938233,6.55833330154419,405.575006103516,42.166667175293,5.31666660308838,36.8416664123535,25.8916667938233,17.308332824707,26.5500003814697,16.8166667938232,748.91667175293,983.5,581.41667175293,13268.8332519531,925.66667175293,608.166687011719,890.166687011719,615.58332824707,2.11213440349259,5.98989126647489,0.396629208880746,89.8505891370873,3.39247509368688,4.74922992792163,7.36153091801046,1.69539119737689,3.27757532331448,1.66277369065846,2.97128243805086,47.7317919912692,50.6860346221936,53.1381093298362,651.811029434008,52.0519777577324,52.6782687642637,39.970822691892,55.1525716148821,3.58620285374719,2.16259853453199,0.259733599715717,105.390788952557,4.38034422715871,5.20174196684663,4.79594916663206,3.28749700667154,4.20421700326162,3.41429833292347,4.067703902024,73.3118272417985,91.4865009298414,65.5648598112233,2685.23126139889,87.4304423800149,69.1040727715452,84.8299845867511,73.9486635421129
"G_97.5_9",4,4,4,21.075,19.6333332061768,5.01666669845581,640.983337402344,37.3666671752929,-1.88333328962326,39.2333343505859,28.1916671752929,13.9416666030884,28.7416664123535,13.3083335876465,1250.58334350586,1863.25,803.500015258789,37488.1669921875,1764.58334350586,862.999984741211,1711,875.83332824707,0.72386569057793,2.12933694250268,0.220269134638442,50.5478988479679,0.756698945001857,2.02310722515148,2.70308465769511,0.824790131562544,1.18614644502484,0.801561220336335,1.14548221518223,80.8599226839,77.6351352731384,75.1524288793156,765.625768802594,91.0569089652292,75.0644095533783,47.7392249726134,79.7521472492602,3.58620285374719,2.16259853453199,0.259733599715717,105.390788952557,4.38034422715871,5.20174196684663,4.79594916663206,3.28749700667154,4.20421700326162,3.41429833292347,4.067703902024,73.3118272417985,91.4865009298414,65.5648598112233,2685.23126139889,87.4304423800149,69.1040727715452,84.8299845867511,73.9486635421129
"G_97.5_10",3,2,2,29.0166656494141,15.1333335876465,5.31666660308838,273.3,43.266667175293,14.616667175293,28.6333343505859,28.9333328247071,27.6,32.7,26.0333328247071,1523.83331298828,2075.5,940.833312988281,42656.33203125,2029.16668701172,1002.49996948242,1443.16668701172,1246.66668701172,0.494974746830583,0.377123256979697,0.0235701361262763,4.33693310017764,0.0942816234643928,0.494974746830584,0.565685424949236,0.329982445247537,0.235700821783141,0.565685424949241,0.51854569217632,31.348429404854,21.920310216783,53.0330085889911,1107.32921933813,25.2201130900698,46.9047354325818,56.8042735275697,37.7123904355329,4.14099036595909,2.49715369212227,0.29991452742692,121.694800743731,5.05798583738661,6.00645424962775,5.53788508474956,3.7960745635238,4.8546116371294,3.94249212321412,4.6969798856345,84.6532063856714,105.639511878122,75.7077789227797,3100.63798321009,100.955978886939,79.7945100335023,97.9532288730251,85.3885616045039
"G_97.5_13",1,1,1,24.4,18.7,6.13333320617676,303.366674804688,39.1,8.53333358764648,30.5666656494141,26.9333343505859,21.133332824707,27.4666656494141,20.433332824707,1296.66662597656,1738.66662597656,881.666687011719,29309.333984375,1663,953.333312988281,1570,1013.33331298828,NA,NA,NA,NA,NA,NA,NA,NA,NA,NA,NA,NA,NA,NA,NA,NA,NA,NA,NA,7.17240570749439,4.32519706906398,0.519467199431434,210.781577905113,8.76068845431742,10.4034839336933,9.59189833326412,6.57499401334308,8.40843400652325,6.82859666584695,8.13540780404801,146.623654483597,182.973001859683,131.129719622447,5370.46252279777,174.86088476003,138.20814554309,169.659969173502,147.897327084226
"G_97.5_14",1,1,1,21.966667175293,12.866667175293,5,313.266674804688,34.2333343505859,8.33333358764648,25.9,23.866667175293,18.266667175293,25.1,17.666667175293,1518.33337402344,1834,1086,26883,1799.33337402344,1168.66662597656,1667,1205.66662597656,NA,NA,NA,NA,NA,NA,NA,NA,NA,NA,NA,NA,NA,NA,NA,NA,NA,NA,NA,7.17240570749439,4.32519706906398,0.519467199431434,210.781577905113,8.76068845431742,10.4034839336933,9.59189833326412,6.57499401334308,8.40843400652325,6.82859666584695,8.13540780404801,146.623654483597,182.973001859683,131.129719622447,5370.46252279777,174.86088476003,138.20814554309,169.659969173502,147.897327084226
"G_97.5_15",2,2,2,23.2166664123535,20.1333335876465,5.66666660308838,420.966674804688,42.8166671752929,7.38333339691162,35.4333328247071,25.75,19.5500007629394,28.4,18.1999996185302,1106.5,1563.83337402344,690.166656494141,30718.3330078125,1486.66668701172,747.166656494141,1165.83334350586,875.333343505859,6.34039116429251,3.06412902548858,0.23570217048224,137.838693388197,1.81490668573929,5.68042438561866,3.91265824187175,2.75771644662753,9.16881828903862,5.09116882454314,8.3910002902538,402.343758495146,613.061579288737,144.014095487785,18616.2363909146,631.682086632233,168.055726048127,233.580925665831,333.282981813135,5.07165671319038,3.05837617750332,0.367318779321952,149.045083085906,6.19474221391054,7.3563740374798,6.782496355903,4.64922285309584,5.94566070517216,4.82854700840823,5.7526020259603,103.678580367705,129.38145038904,92.7227139601226,3797.49046797852,123.645317378097,97.7279169287366,119.967714698484,104.579202900621
"G_97.5_17",1,1,1,22.5,19.566667175293,6.2,311.933325195312,37.2333343505859,5.63333320617676,31.6,25.166667175293,19,25.6666656494141,18.4,1289.66662597656,1725,875.666687011719,29005.666015625,1649,947.666687011719,1559.66662597656,991.666687011719,NA,NA,NA,NA,NA,NA,NA,NA,NA,NA,NA,NA,NA,NA,NA,NA,NA,NA,NA,7.17240570749439,4.32519706906398,0.519467199431434,210.781577905113,8.76068845431742,10.4034839336933,9.59189833326412,6.57499401334308,8.40843400652325,6.82859666584695,8.13540780404801,146.623654483597,182.973001859683,131.129719622447,5370.46252279777,174.86088476003,138.20814554309,169.659969173502,147.897327084226
"G_97.5_18",1,1,1,22.7,19.533332824707,6.2,311.233325195312,37.4666656494141,5.9,31.5666656494141,25.366667175293,19.233332824707,25.9,18.633332824707,1294.33337402344,1730.33337402344,879,29087.333984375,1655,951.666687011719,1564,997.666687011719,NA,NA,NA,NA,NA,NA,NA,NA,NA,NA,NA,NA,NA,NA,NA,NA,NA,NA,NA,7.17240570749439,4.32519706906398,0.519467199431434,210.781577905113,8.76068845431742,10.4034839336933,9.59189833326412,6.57499401334308,8.40843400652325,6.82859666584695,8.13540780404801,146.623654483597,182.973001859683,131.129719622447,5370.46252279777,174.86088476003,138.20814554309,169.659969173502,147.897327084226
"G_97.5_20",1,1,1,22.7,19.533332824707,6.2,311.233325195312,37.4666656494141,5.9,31.5666656494141,25.366667175293,19.233332824707,25.9,18.633332824707,1294.33337402344,1730.33337402344,879,29087.333984375,1655,951.666687011719,1564,997.666687011719,NA,NA,NA,NA,NA,NA,NA,NA,NA,NA,NA,NA,NA,NA,NA,NA,NA,NA,NA,7.17240570749439,4.32519706906398,0.519467199431434,210.781577905113,8.76068845431742,10.4034839336933,9.59189833326412,6.57499401334308,8.40843400652325,6.82859666584695,8.13540780404801,146.623654483597,182.973001859683,131.129719622447,5370.46252279777,174.86088476003,138.20814554309,169.659969173502,147.897327084226
"G_97.5_21",1,1,1,22.7,19.533332824707,6.2,311.233325195312,37.4666656494141,5.9,31.5666656494141,25.366667175293,19.233332824707,25.9,18.633332824707,1294.33337402344,1730.33337402344,879,29087.333984375,1655,951.666687011719,1564,997.666687011719,NA,NA,NA,NA,NA,NA,NA,NA,NA,NA,NA,NA,NA,NA,NA,NA,NA,NA,NA,7.17240570749439,4.32519706906398,0.519467199431434,210.781577905113,8.76068845431742,10.4034839336933,9.59189833326412,6.57499401334308,8.40843400652325,6.82859666584695,8.13540780404801,146.623654483597,182.973001859683,131.129719622447,5370.46252279777,174.86088476003,138.20814554309,169.659969173502,147.897327084226
"S_97.5_1",454,205,205,5.3022764200699,19.0123577304003,4.70926827407465,722.433660977992,25.1170731711097,-15.9045528617138,41.023414745796,13.6679674939411,-2.77317073814753,14.1671544642565,-3.17642276042845,526.300813330674,814.341463637933,317.141463005252,17164.1333329364,754.751219735494,346.240650521255,739.814633476443,354.489430841585,7.79013505382446,5.9032476487728,0.737987124786689,304.514601565054,10.8400951534912,12.2571090969168,13.429026503148,7.06711977808853,9.49958840795009,7.49073316957989,9.16858517540016,172.988515732319,234.996052983699,148.663123089881,7584.2660857138,218.947979515321,157.438711608065,208.802266995487,171.747220689894,0.336617678897695,0.202991556465097,0.0243798036624425,9.89246961234706,0.411159481672485,0.488259693752415,0.450170094225468,0.308579758842304,0.394627361288669,0.320481921063685,0.381813606698708,6.88138907036369,8.58734847118214,6.15422267701496,252.048294917603,8.20662795140198,6.4864296659708,7.96253688847585,6.94116548736855
"S_97.5_2",261,225,225,8.54385181710455,26.8379259982639,4.99881483798557,918.530961697049,34.7242963053385,-20.2429629694886,54.9696295776367,18.3088889227973,-2.18459259626601,19.1451851637099,-2.87599995983971,553.296296929253,884.943703613281,326.488888821072,18884.117016059,805.700738932292,356.35851969401,777.194073621962,364.98222398546,6.69672262166546,2.65411172889172,0.700289462637623,236.769658156798,5.57591575355837,12.8285543245139,8.84716354303844,4.51938944617041,10.2392258585961,4.73254911365664,9.66661264348197,71.2042818200504,63.6510808306004,102.362994381159,4605.47018275729,62.629251316402,110.315374570161,65.9069761924754,117.811805352206,0.443960767798729,0.267722977474077,0.0321542124234354,13.0470521301942,0.542273001729423,0.643959489095565,0.593723601585127,0.406981912273278,0.520468998793586,0.422679522379713,0.503569101126974,9.07577636802892,11.325744485868,8.11672587678407,332.423284779372,10.8236170431507,8.5548694418158,10.5016884502606,9.15461472279579
"S_97.5_3",149,17,17,11.2568627974566,21.2450978896197,4.89019598119399,749.488241038603,34.2294114954331,-9.40392164342543,43.6294117647059,19.3196079927332,3.0686275014106,20.6196078132181,2.45882349014282,637.725488999311,930.549025591682,399.450977998621,17777.6862362132,862.431367761948,439.725488999311,841.039216883042,451.25490435432,3.67753629487155,3.34159265523619,0.536677619650188,86.0359717271419,5.63870398176838,6.95137774175011,4.21134188633795,2.59377085078294,5.13746422620666,3.55113556916396,4.94492630034993,47.4352225703769,65.6626413599407,86.7365079896484,5362.96790535354,59.743289885463,92.566134131636,70.3291643263243,96.8892270021427,0.587586370249236,0.354333950151261,0.0425564111436861,17.267899687724,0.717703562749945,0.852286612308851,0.785798929298335,0.538644497295224,0.688845753972165,0.559420436101171,0.666478575951584,12.0118778056117,14.9897323716642,10.742565204342,439.965432662715,14.3251618445618,11.3224524504641,13.8990862381209,12.1162211306843
"S_97.5_4",23,12,12,8.65833333333333,19.4250000635783,4.69166663487752,831.64721883138,29.4777776082357,-14.7027777353923,44.1861110687256,18.1805554707845,-1.34166663885117,18.4527777353922,-1.69999998609225,723.750007629395,1165.19444274902,393.111104329427,27157.2779947917,1083.55555725098,429.583329518636,1059.50001017253,442.58332824707,5.80877284883986,5.39079159886662,1.14080644088425,432.555854735706,4.81526060959679,14.1402174689575,16.2107175215273,4.19462045633907,10.7187753760468,4.35485258157269,10.2721354614624,325.660151000354,307.426795571023,370.646428230644,11241.5265085406,301.738701991553,376.147700804107,266.128616325307,403.012788751282,1.49554997347781,0.901865932537254,0.108316398711315,43.9509972109103,1.82672981978858,2.16927635658624,2.0000490606556,1.37098102412101,1.75327969000778,1.42386083261117,1.69634979137642,30.5731454015542,38.1525082710358,27.3424366525429,1119.81884615666,36.4610149272393,28.8183904858324,35.3765490611542,30.8387244975749
"S_97.5_6",5,2,2,8.01666679382324,16.233332824707,5.3,456.383325195313,24.3833335876465,-6.51666660308838,30.916667175293,13.4666664123535,2.85,13.65,2.51666669845581,633.5,900.833312988281,431.166656494141,15871.8334960938,842.833343505859,462,836.666656494141,467.833328247071,0.306413118340722,1.41421356237309,0.61282569720179,62.7675004344264,0.0235698663864217,0.919238545802685,0.966378548315428,1.08423003816624,0.164991492363586,1.10779990455267,0.306412983470808,24.7487373415292,6.36396103067893,34.6482322781408,1419.16400037537,1.17852568810203,32.9983308414959,2.35700821783071,32.2912024811238,3.20759734483298,1.93428693250198,0.232312794002025,94.2643873201001,3.91789898271026,4.65257945571301,4.2896273412891,2.94042671309786,3.76036600458138,3.05384126715244,3.63826497490673,65.5720917069529,81.8280140410892,58.6429933892557,2401.74385431817,78.2001649858368,61.808561695707,75.874244826494,66.14169541017
"S_97.5_7",27,1,1,-4.26666679382324,15.266667175293,4.5,595.933349609375,10.5,-23.766667175293,34.2666656494141,3.83333320617676,-10.4,3.93333320617676,-10.5666664123535,295,492,180.66667175293,10077,441.333343505859,203,440.333343505859,204.33332824707,NA,NA,NA,NA,NA,NA,NA,NA,NA,NA,NA,NA,NA,NA,NA,NA,NA,NA,NA,1.38033012198636,0.832384564040757,0.0999715091423065,40.5649335812437,1.68599527912887,2.00215141654258,1.84596169491652,1.26535818784127,1.61820387904313,1.31416404107137,1.56565996187817,28.2177354618905,35.2131706260406,25.2359263075932,1033.54599440336,33.6519929623131,26.5981700111674,32.6510762910084,28.462853868168
"S_97.5_8",2,2,2,11.1833332061768,19.7,5.91666679382324,475.966674804688,30.8666671752929,-2.7,33.583332824707,16.5333335876465,5.56666660308838,16.916667175293,5.35,696.333343505859,962.333343505859,492,15461.8334960938,887.833343505859,523.5,868.833343505859,530.333312988281,2.42773346190036,3.81837661840736,0.212132034355964,136.565901182061,7.11820754463839,0.518544882956859,7.61318229146898,3.91265716291243,0.942808951668788,4.17193000900063,0.824957731557755,13.1993409682733,50.4402693385159,11.3137084989848,1610.08283129573,28.519959121733,5.42112321684796,20.0346777474944,2.82842712474619,5.07165671319038,3.05837617750332,0.367318779321952,149.045083085906,6.19474221391054,7.3563740374798,6.782496355903,4.64922285309584,5.94566070517216,4.82854700840823,5.7526020259603,103.678580367705,129.38145038904,92.7227139601226,3797.49046797852,123.645317378097,97.7279169287366,119.967714698484,104.579202900621
"S_97.5_9",5,1,1,4.76666679382324,29.2333343505859,4.1,1486.26669921875,36.3,-35.2,71.5333312988281,21.233332824707,-14.633332824707,21.3,-14.633332824707,603.333312988281,1205,168,37748.66796875,1098,195.66667175293,1093.33337402344,195.66667175293,NA,NA,NA,NA,NA,NA,NA,NA,NA,NA,NA,NA,NA,NA,NA,NA,NA,NA,NA,3.20759734483298,1.93428693250198,0.232312794002025,94.2643873201001,3.91789898271026,4.65257945571301,4.2896273412891,2.94042671309786,3.76036600458138,3.05384126715244,3.63826497490673,65.5720917069529,81.8280140410892,58.6429933892557,2401.74385431817,78.2001649858368,61.808561695707,75.874244826494,66.14169541017
"S_97.5_10",3,1,1,-4.26666679382324,15.266667175293,4.5,595.933349609375,10.5,-23.766667175293,34.2666656494141,3.83333320617676,-10.4,3.93333320617676,-10.5666664123535,295,492,180.66667175293,10077,441.333343505859,203,440.333343505859,204.33332824707,NA,NA,NA,NA,NA,NA,NA,NA,NA,NA,NA,NA,NA,NA,NA,NA,NA,NA,NA,4.14099036595909,2.49715369212227,0.29991452742692,121.694800743731,5.05798583738661,6.00645424962775,5.53788508474956,3.7960745635238,4.8546116371294,3.94249212321412,4.6969798856345,84.6532063856714,105.639511878122,75.7077789227797,3100.63798321009,100.955978886939,79.7945100335023,97.9532288730251,85.3885616045039
"S_97.5_12",1,1,1,7.6,13.2,5.26666679382324,380.766674804688,21.6,-3.73333320617676,25.366667175293,11.9666664123535,3,12.0666664123535,2.8,506.666656494141,677,367,10120.3330078125,634.333312988281,390.666656494141,628.333312988281,396.666656494141,NA,NA,NA,NA,NA,NA,NA,NA,NA,NA,NA,NA,NA,NA,NA,NA,NA,NA,NA,7.17240570749439,4.32519706906398,0.519467199431434,210.781577905113,8.76068845431742,10.4034839336933,9.59189833326412,6.57499401334308,8.40843400652325,6.82859666584695,8.13540780404801,146.623654483597,182.973001859683,131.129719622447,5370.46252279777,174.86088476003,138.20814554309,169.659969173502,147.897327084226
"S_97.5_21",1,1,1,-4.26666679382324,15.266667175293,4.5,595.933349609375,10.5,-23.766667175293,34.2666656494141,3.83333320617676,-10.4,3.93333320617676,-10.5666664123535,295,492,180.66667175293,10077,441.333343505859,203,440.333343505859,204.33332824707,NA,NA,NA,NA,NA,NA,NA,NA,NA,NA,NA,NA,NA,NA,NA,NA,NA,NA,NA,7.17240570749439,4.32519706906398,0.519467199431434,210.781577905113,8.76068845431742,10.4034839336933,9.59189833326412,6.57499401334308,8.40843400652325,6.82859666584695,8.13540780404801,146.623654483597,182.973001859683,131.129719622447,5370.46252279777,174.86088476003,138.20814554309,169.659969173502,147.897327084226
"S_97.5_22",1,1,1,-4.26666679382324,15.266667175293,4.5,595.933349609375,10.5,-23.766667175293,34.2666656494141,3.83333320617676,-10.4,3.93333320617676,-10.5666664123535,295,492,180.66667175293,10077,441.333343505859,203,440.333343505859,204.33332824707,NA,NA,NA,NA,NA,NA,NA,NA,NA,NA,NA,NA,NA,NA,NA,NA,NA,NA,NA,7.17240570749439,4.32519706906398,0.519467199431434,210.781577905113,8.76068845431742,10.4034839336933,9.59189833326412,6.57499401334308,8.40843400652325,6.82859666584695,8.13540780404801,146.623654483597,182.973001859683,131.129719622447,5370.46252279777,174.86088476003,138.20814554309,169.659969173502,147.897327084226
